Customer Name,Pricelist,FD/FILLIN,ARYO PCR,ARYO ST - GS,ARYO-TBR,ARYO - OTHER,ARS PCR,ARS ST - GS,ARS-TBR,SAFFIRO ST - COFO,ARS ST - COFO,TBR - OTHER,ST - OTHER,LCR,MB,LOC_CODE,SEND_TO,CC_S,BCC_S,NAME,HIDE_PRICING,CAPPED
ACETIREMIAMI,ACETIREMIAMI,FILL IN,N,N,N,N,N,Y,N,Y,Y,Y,Y,Y,N,VLKFCAWMT,vjdelrosario@avatco.com,vjdelrosario@avatco.com,,,N,Y
ACTIONTIRE,ACTIONTIRE,FILL IN,N,Y,Y,N,N,Y,N,Y,Y,Y,Y,Y,N,VLKFCAWMT,vjdelrosario@avatco.com,vjdelrosario@avatco.com,,Ricky,N,Y
ALEXSTIREINC,ALEXSTIREINC,FILL IN,Y,Y,Y,Y,N,Y,N,Y,Y,Y,Y,Y,N,V,vjdelrosario@avatco.com,vjdelrosario@avatco.com,,Alex & Nra,N,Y
ALFATIRES,ALFATIRES,FILL IN,N,N,N,N,Y,Y,Y,Y,Y,Y,Y,Y,Y,VLKFCAWMT,vjdelrosario@avatco.com,vjdelrosario@avatco.com,,,N,Y
ALLAMERICANFLEET,ALLAMERICANFLEET,FILL IN,N,Y,Y,N,N,N,N,N,N,Y,N,N,N,VLKFCAWMT,vjdelrosario@avatco.com,vjdelrosario@avatco.com,,,N,Y
ALMATIRES,ALMATIRES,FILL IN,Y,Y,Y,Y,N,Y,N,Y,Y,Y,Y,Y,N,VLKFCAWMT,vjdelrosario@avatco.com,vjdelrosario@avatco.com,,,N,Y
ALPHATIRES,ALPHATIRES,FILL IN,N,N,N,N,Y,Y,Y,Y,Y,Y,Y,Y,Y,VLKFCAWMT,vjdelrosario@avatco.com,vjdelrosario@avatco.com,,,N,Y
ARMENMWF_FASHIONWHEELSWHOLESALE,ARMENMWF_FASHIONWHEELSWHOLESALE,FILL IN,N,N,N,N,N,Y,N,Y,Y,Y,Y,Y,Y,VLKFCAWMT,vjdelrosario@avatco.com,vjdelrosario@avatco.com,,,N,Y
ARMENMWF_H_AND_SWHEELDISTRIBUTORS,ARMENMWF_H_AND_SWHEELDISTRIBUTORS,FILL IN,N,N,N,N,N,Y,N,Y,Y,Y,Y,Y,Y,VLKFCAWMT,vjdelrosario@avatco.com,vjdelrosario@avatco.com,,,N,Y
ARMENMWF_JEETIRES,ARMENMWF_JEETIRES,FILL IN,N,N,N,N,N,Y,N,Y,Y,Y,Y,Y,Y,VLKFCAWMT,vjdelrosario@avatco.com,vjdelrosario@avatco.com,,,N,Y
ARMENMWF_USAWHEELANDTIRE,ARMENMWF_USAWHEELANDTIRE,FILL IN,N,N,N,N,Y,Y,Y,Y,Y,Y,Y,Y,Y,VLKFCAWMT,vjdelrosario@avatco.com,vjdelrosario@avatco.com,,Nadeem,N,Y
ARROWSHOP,ARROWSHOP,FILL IN,N,N,Y,N,N,N,N,N,N,Y,N,N,N,VLKFCAWMT,vjdelrosario@avatco.com,vjdelrosario@avatco.com,,Fabian / Jesus,N,Y
B_TIRESDIRECT,B_TIRESDIRECT,FD,Y,Y,Y,Y,N,N,N,Y,Y,Y,Y,Y,Y,V,vjdelrosario@avatco.com,vjdelrosario@avatco.com,,,N,Y
BAUERBUILT,BAUERBUILT,FILL IN,N,N,N,N,Y,Y,Y,Y,Y,Y,Y,Y,N,VLKFCAWMT,vjdelrosario@avatco.com,vjdelrosario@avatco.com,,,N,Y
BEACONTIRE,BEACONTIRE,FILL IN,N,N,N,N,Y,Y,Y,Y,Y,Y,Y,Y,Y,VLKFCAWMT,vjdelrosario@avatco.com,vjdelrosario@avatco.com,,,N,Y
BESTONE,BESTONE,FILL IN,Y,Y,Y,Y,N,Y,N,Y,Y,Y,Y,Y,Y,VLKFCAWMT,vjdelrosario@avatco.com,vjdelrosario@avatco.com,,,N,Y
BestValueTire,BestValueTire,FILL IN,N,N,N,N,Y,Y,Y,Y,Y,Y,Y,Y,Y,VLKFCAWMT,vjdelrosario@avatco.com,vjdelrosario@avatco.com,,,N,Y
BIGRIGTIRES,BIGRIGTIRES,FILL IN,N,Y,Y,N,N,N,N,N,N,Y,N,N,N,V,vjdelrosario@avatco.com,vjdelrosario@avatco.com,,Ramanpreet,N,Y
BILLWILLIAMSTIRE,BILLWILLIAMSTIRE,FILL IN,N,Y,Y,N,N,N,N,N,N,Y,N,N,N,VLKFCAWMT,vjdelrosario@avatco.com,vjdelrosario@avatco.com,,,N,Y
BLACKSTIRESERVICE,BLACKSTIRESERVICE,FILL IN,Y,Y,Y,Y,N,Y,N,Y,Y,Y,Y,Y,Y,VLKFCAWMT,vjdelrosario@avatco.com,vjdelrosario@avatco.com,,,N,Y
BORDERTIRE,BORDERTIRE,FILL IN,N,Y,Y,N,N,N,N,N,N,Y,N,N,N,V,vjdelrosario@avatco.com,vjdelrosario@avatco.com,,Dalia / Nelson,N,Y
BORDERTIREPHX,BORDERTIREPHX,FILL IN,N,Y,Y,N,N,N,N,N,N,Y,N,N,N,VLKFCAWMT,vjdelrosario@avatco.com,vjdelrosario@avatco.com,,Gina / Dalia / Nelson,N,Y
BRANNONTIRE,BRANNONTIRE,FILL IN,N,Y,Y,N,N,N,N,N,N,Y,N,N,N,VLKFCAWMT,vjdelrosario@avatco.com,vjdelrosario@avatco.com,,Randy,N,Y
BROADWAYTIREWHOLESALE,BROADWAYTIREWHOLESALE,FILL IN,N,N,N,N,Y,Y,Y,Y,Y,Y,Y,Y,Y,VLKFCAWMT,vjdelrosario@avatco.com,vjdelrosario@avatco.com,,Jim,N,Y
CATIREWHOLESALE,CATIREWHOLESALE,FILL IN,Y,Y,Y,Y,N,Y,N,Y,Y,Y,Y,Y,Y,VLKFCAWMT,vjdelrosario@avatco.com,vjdelrosario@avatco.com,,,N,Y
CLARKTIREWHOLESALE,CLARKTIREWHOLESALE,FILL IN,Y,Y,Y,Y,N,Y,N,Y,Y,Y,Y,Y,N,VLKFCAWMT,vjdelrosario@avatco.com,vjdelrosario@avatco.com,,,N,Y
COMMERCIALTIREFRESNOCA,COMMERCIALTIREFRESNOCA,FILL IN,Y,Y,Y,Y,N,Y,N,Y,Y,Y,Y,Y,Y,V,vjdelrosario@avatco.com,vjdelrosario@avatco.com,,,N,Y
COMMERCIALTIREIDAHO,COMMERCIALTIREIDAHO,FILL IN,N,N,N,N,Y,N,Y,N,N,Y,N,N,N,V,vjdelrosario@avatco.com,vjdelrosario@avatco.com,,,N,Y
COMPASSTIRE,COMPASSTIRE,FILL IN,Y,Y,Y,Y,N,Y,N,Y,Y,Y,Y,Y,Y,VLKFCAWMT,vjdelrosario@avatco.com,vjdelrosario@avatco.com,,,N,Y
COMPETITIONWHEELS,COMPETITIONWHEELS,FILL IN,Y,Y,Y,Y,N,Y,N,Y,Y,Y,Y,Y,Y,VLKFCAWMT,vjdelrosario@avatco.com,vjdelrosario@avatco.com,,,N,Y
CONNECTICUTTIRE,CONNECTICUTTIRE,FILL IN,Y,Y,Y,Y,N,Y,N,Y,Y,Y,Y,Y,N,VLKFCAWMT,vjdelrosario@avatco.com,vjdelrosario@avatco.com,,,N,Y
D_LATIRE,D_LATIRE,FILL IN,Y,Y,Y,Y,N,Y,N,Y,Y,Y,Y,Y,Y,VLKFCAWMT,vjdelrosario@avatco.com,vjdelrosario@avatco.com,,Marcos,N,Y
DAKOTAWHOLESALE,DAKOTAWHOLESALE,FILL IN,Y,Y,Y,Y,N,Y,N,Y,Y,Y,Y,Y,N,VLKFCAWMT,vjdelrosario@avatco.com,vjdelrosario@avatco.com,,,N,Y
DAYTONTIRE,DAYTONTIRE,FILL IN,Y,Y,Y,Y,N,Y,N,Y,Y,Y,Y,Y,Y,VLKFCAWMT,vjdelrosario@avatco.com,vjdelrosario@avatco.com,,,N,Y
DEALERSTIRESUPPLY,DEALERSTIRESUPPLY,FILL IN,N,Y,Y,N,N,N,N,N,N,Y,N,N,N,VLKFCAWMT,vjdelrosario@avatco.com,vjdelrosario@avatco.com,,Todd,N,Y
DELTATIRE,DELTATIRE,FILL IN,Y,Y,Y,Y,N,Y,N,Y,Y,Y,Y,Y,N,VLKFCAWMT,vjdelrosario@avatco.com,vjdelrosario@avatco.com,,,N,Y
DELTAWHOLESALE,DELTAWHOLESALE,FILL IN,Y,Y,Y,Y,N,Y,N,Y,Y,Y,Y,Y,Y,VLKFCAWMT,vjdelrosario@avatco.com,vjdelrosario@avatco.com,,,N,Y
DEPINOSTIRESERVICEINC,DEPINOSTIRESERVICEINC,FILL IN,Y,Y,Y,Y,N,Y,N,Y,Y,Y,Y,Y,Y,VLKFCAWMT,vjdelrosario@avatco.com,vjdelrosario@avatco.com,,,N,Y
DIGITIRE,DIGITIRE,FILL IN,N,Y,Y,N,N,Y,Y,Y,Y,Y,Y,Y,Y,VLKFCAWMT,vjdelrosario@avatco.com,vjdelrosario@avatco.com,,,N,Y
E_LOONEYS,E_LOONEYS,FILL IN,Y,Y,Y,Y,N,Y,N,Y,Y,Y,Y,Y,Y,VLKFCAWMT,vjdelrosario@avatco.com,vjdelrosario@avatco.com,,,N,Y
EASTCOASTINTLTIRE,EASTCOASTINTLTIRE,FILL IN,Y,Y,Y,Y,N,Y,N,Y,Y,Y,Y,Y,Y,VLKFCAWMT,vjdelrosario@avatco.com,vjdelrosario@avatco.com,,Junbo,N,Y
EASTCOASTNC,EASTCOASTNC,FILL IN,N,N,N,N,Y,Y,Y,Y,Y,Y,Y,Y,Y,VLKFCAWMT,vjdelrosario@avatco.com,vjdelrosario@avatco.com,,,N,Y
ECONOMYTIRE,ECONOMYTIRE,FILL IN,N,N,N,N,N,Y,N,Y,Y,Y,Y,Y,Y,VLKFCAWMT,vjdelrosario@avatco.com,vjdelrosario@avatco.com,,"Nah, Amar & Omar",N,Y
ELCAMINTIRE,ELCAMINOTIRE,FILL IN,Y,Y,Y,Y,N,Y,N,Y,Y,Y,Y,Y,Y,VLKFCAWMT,vjdelrosario@avatco.com,vjdelrosario@avatco.com,,,N,Y
ELITETIREWHEEL,ELITETIREWHEEL,FD,N,N,N,N,Y,Y,Y,Y,Y,Y,Y,Y,Y,V,vjdelrosario@avatco.com,vjdelrosario@avatco.com,,,N,Y
EPEORIA,EPEORIA,FILL IN,Y,Y,Y,Y,N,Y,N,Y,Y,Y,Y,Y,Y,VLKFCAWMT,vjdelrosario@avatco.com,vjdelrosario@avatco.com,,,N,Y
ETCZ1,ETCZ1,FILL IN,Y,Y,Y,Y,Y,Y,Y,Y,Y,Y,Y,Y,Y,V,vjdelrosario@avatco.com,vjdelrosario@avatco.com,,,N,N
ETCZ2,ETCZ2,FILL IN,Y,Y,Y,Y,Y,Y,Y,Y,Y,Y,Y,Y,Y,VLKFCAWMT,vjdelrosario@avatco.com,vjdelrosario@avatco.com,,,N,Y
ETCZ3,ETCZ3,FILL IN,Y,Y,Y,Y,Y,Y,Y,Y,Y,Y,Y,Y,Y,VLKFCAWMT,vjdelrosario@avatco.com,vjdelrosario@avatco.com,,,N,N
ETCZ4,ETCZ4,FILL IN,Y,Y,Y,Y,Y,Y,Y,Y,Y,Y,Y,Y,Y,VLKFCAWMT,vjdelrosario@avatco.com,vjdelrosario@avatco.com,,,N,Y
ETCZ5,ETCZ5,FILL IN,Y,Y,Y,Y,Y,Y,Y,Y,Y,Y,Y,Y,Y,VLKFCAWMT,vjdelrosario@avatco.com,vjdelrosario@avatco.com,,,N,N
ETCZ6,ETCZ6,FILL IN,Y,Y,Y,Y,Y,Y,Y,Y,Y,Y,Y,Y,Y,VLKFCAWMT,vjdelrosario@avatco.com,vjdelrosario@avatco.com,,,N,Y
EVERGREENTIREANDWHEEL,EVERGREENTIREANDWHEEL,FILL IN,Y,Y,Y,Y,N,Y,N,Y,Y,Y,Y,Y,Y,V,vjdelrosario@avatco.com,vjdelrosario@avatco.com,,Mihai,N,Y
EXXPRESSTIRE,EXXPRESSTIRE,FILL IN,Y,Y,Y,Y,N,Y,N,Y,Y,Y,Y,Y,Y,VLKFCAWMT,vjdelrosario@avatco.com,vjdelrosario@avatco.com,,,N,Y
F_FIRSTCHANCE,F_FIRSTCHANCE,FILL IN,Y,Y,Y,Y,N,Y,N,Y,Y,Y,Y,Y,Y,VLKFCAWMT,vjdelrosario@avatco.com,vjdelrosario@avatco.com,,Robert,N,Y
FIVE26,FIVE26,FILL IN,N,N,Y,N,N,N,N,N,N,Y,N,N,N,VLKFCAWMT,vjdelrosario@avatco.com,vjdelrosario@avatco.com,,,N,Y
FLYNNSTIRE,FLYNNSTIRE,FILL IN,Y,Y,Y,Y,N,Y,N,Y,Y,Y,Y,Y,N,VLKFCAWMT,vjdelrosario@avatco.com,vjdelrosario@avatco.com,,,N,Y
FREMONTTIRES,FREMONTTIRES,FILL IN,Y,Y,Y,Y,N,Y,N,Y,Y,Y,Y,Y,Y,VLKFCAWMT,vjdelrosario@avatco.com,vjdelrosario@avatco.com,,,N,Y
FUTURETIRE,FUTURETIRE,FILL IN,Y,Y,Y,Y,N,N,N,N,N,Y,N,N,N,VLKFCAWMT,vjdelrosario@avatco.com,vjdelrosario@avatco.com,,,N,Y
G_TOWNFAIR,G_TOWNFAIR,FD,Y,Y,Y,Y,N,N,N,N,N,Y,Y,Y,Y,VLKFCAWMT,vjdelrosario@avatco.com,vjdelrosario@avatco.com,,"Anthony, Frank & Jack",N,Y
GDYFL,GDYFL,FILL IN,N,Y,Y,N,N,Y,Y,Y,Y,Y,Y,N,N,VLKFCAWMT,vjdelrosario@avatco.com,vjdelrosario@avatco.com,,,N,Y
GEMCITY,GEMCITY,FILL IN,Y,Y,Y,Y,N,Y,N,Y,Y,Y,Y,Y,Y,VLKFCAWMT,vjdelrosario@avatco.com,vjdelrosario@avatco.com,,,N,Y
GonzalesTire,GonzalesTire,FILL IN,Y,Y,Y,Y,N,Y,N,Y,Y,Y,Y,Y,N,V,vjdelrosario@avatco.com,vjdelrosario@avatco.com,,Jose,N,Y
GRAHMANTIRE,GRAHMANTIRE,FILL IN,Y,Y,Y,Y,N,Y,N,Y,Y,Y,Y,Y,Y,VLKFCAWMT,vjdelrosario@avatco.com,vjdelrosario@avatco.com,,Scott,N,Y
GRISMERTIRE,GRISMERTIRE,FILL IN,Y,Y,Y,Y,N,Y,N,Y,Y,Y,Y,Y,Y,VLKFCAWMT,vjdelrosario@avatco.com,vjdelrosario@avatco.com,,,N,Y
GTWTAMPA,GTWTAMPA,FILL IN,Y,Y,Y,Y,N,Y,N,Y,Y,Y,Y,Y,Y,VLKFCAWMT,vjdelrosario@avatco.com,vjdelrosario@avatco.com,,YaN,N,Y
GULFTIREDIST,GULFTIREDIST,FILL IN,Y,Y,Y,Y,N,Y,N,Y,Y,Y,Y,Y,Y,VLKFCAWMT,vjdelrosario@avatco.com,vjdelrosario@avatco.com,,,N,Y
H_ADVANCE,H_ADVANCE,FILL IN,N,N,N,N,Y,Y,Y,Y,Y,Y,Y,Y,Y,VLKFCAWMT,vjdelrosario@avatco.com,vjdelrosario@avatco.com,,Cliff & Armando,N,Y
HANCOCORP,HANCOCORP,FILL IN,N,N,N,N,N,Y,N,Y,Y,N,Y,N,N,VLKFCAWMT,vjdelrosario@avatco.com,vjdelrosario@avatco.com,,,N,Y
HEARTLANDTIRE,HEARTLANDTIRE,FILL IN,Y,Y,Y,Y,N,Y,N,Y,Y,Y,Y,Y,Y,VLKFCAWMT,vjdelrosario@avatco.com,vjdelrosario@avatco.com,,,N,Y
HootenTireCo,HootenTireCo,FILL IN,N,N,N,N,Y,Y,Y,Y,Y,Y,Y,Y,N,VLKFCAWMT,vjdelrosario@avatco.com,vjdelrosario@avatco.com,,,N,Y
HORNSBYTIRE,HORNSBYTIRE,FILL IN,Y,Y,Y,Y,Y,Y,Y,Y,Y,Y,Y,Y,Y,VLKFCAWMT,vjdelrosario@avatco.com,vjdelrosario@avatco.com,,,N,Y
HOTWHEELCITY,HOTWHEELCITY,FILL IN,Y,Y,Y,Y,N,Y,N,Y,Y,Y,Y,Y,Y,VLKFCAWMT,vjdelrosario@avatco.com,vjdelrosario@avatco.com,,,N,Y
IMPORTEXPORTTIRE,IMPORTEXPORTTIRE,FD,Y,Y,Y,Y,Y,Y,Y,Y,Y,Y,Y,Y,Y,VLKFCAWMT,vjdelrosario@avatco.com,vjdelrosario@avatco.com,,"Terry, Cassady & George",N,Y
INDYTIRE,INDYTIRE,FILL IN,Y,Y,Y,Y,N,Y,N,Y,Y,Y,Y,Y,Y,VLKFCAWMT,vjdelrosario@avatco.com,vjdelrosario@avatco.com,,,N,Y
J_ATTURO,J_ATTURO,FD,Y,Y,Y,N,N,Y,N,N,N,Y,Y,Y,Y,VLKFCAWMT,vjdelrosario@avatco.com,vjdelrosario@avatco.com,,,N,Y
JERSEYWHOLESALETIRECORP,JERSEYWHOLESALETIRECORP,FILL IN,Y,Y,Y,Y,N,Y,N,Y,Y,Y,Y,Y,Y,VLKFCAWMT,vjdelrosario@avatco.com,vjdelrosario@avatco.com,,,N,Y
JOESTIRE,JOESTIRE,FILL IN,Y,Y,Y,Y,N,Y,N,Y,Y,Y,Y,Y,Y,VLKFCAWMT,vjdelrosario@avatco.com,vjdelrosario@avatco.com,,Jake & Vern,N,Y
K_CHUCKWAIT,K_CHUCKWAIT,FILL IN,Y,Y,Y,Y,N,Y,N,Y,Y,Y,Y,Y,Y,VLKFCAWMT,vjdelrosario@avatco.com,vjdelrosario@avatco.com,,Chuck,N,Y
KALTIRE,KALTIRE,FILL IN,N,Y,Y,N,N,N,N,N,N,Y,N,N,N,VLKFCAWMT,vjdelrosario@avatco.com,vjdelrosario@avatco.com,,,N,Y
KANDM,K&MTIRE,FILL IN,N,N,N,N,Y,N,N,N,N,Y,N,Y,N,VLKFCAWMT,vjdelrosario@avatco.com,vjdelrosario@avatco.com,,,N,Y
KILGORETIRECOMPANY,KILGORETIRECOMPANY,FILL IN,N,Y,Y,N,N,N,N,N,N,Y,N,N,N,VLKFCAWMT,vjdelrosario@avatco.com,vjdelrosario@avatco.com,,,N,Y
KOSTTIRE,KOSTTIRE,FILL IN,Y,Y,Y,Y,N,Y,N,Y,Y,Y,Y,Y,Y,VLKFCAWMT,vjdelrosario@avatco.com,vjdelrosario@avatco.com,,Erwin,N,Y
KTCAUDIO,KTCAUDIO,FILL IN,Y,Y,Y,Y,N,Y,N,Y,Y,Y,Y,Y,Y,VLKFCAWMT,vjdelrosario@avatco.com,vjdelrosario@avatco.com,,Ehssan,N,Y
KVLTIRE,KVLTIRE,FILL IN,N,Y,Y,N,N,N,N,N,N,Y,N,N,N,VLKFCAWMT,vjdelrosario@avatco.com,vjdelrosario@avatco.com,,,N,Y
L_MARTIN,L_MARTIN,FILL IN,Y,Y,Y,Y,N,Y,N,Y,Y,Y,Y,Y,Y,VLKFCAWMT,vjdelrosario@avatco.com,vjdelrosario@avatco.com,,David,N,Y
LEESSERVICES,LEESSERVICES,FILL IN,N,Y,Y,N,N,N,N,N,N,Y,N,N,N,VLKFCAWMT,vjdelrosario@avatco.com,vjdelrosario@avatco.com,,Sam,N,Y
LESCHWABTIRES,LESCHWABTIRES,FILL IN,Y,Y,Y,Y,N,N,N,N,N,Y,N,N,N,V,vjdelrosario@avatco.com,vjdelrosario@avatco.com,,,N,Y
LINDERTIRE,LINDERTIRE,FILL IN,Y,Y,Y,Y,N,Y,N,Y,Y,Y,Y,Y,Y,VLKFCAWMT,vjdelrosario@avatco.com,vjdelrosario@avatco.com,,,N,Y
LONGHORNTRUCKTIRES,LONGHORNTRUCKTIRES,FILL IN,N,Y,Y,N,N,N,N,N,N,Y,N,N,N,VLKFCAWMT,vjdelrosario@avatco.com,vjdelrosario@avatco.com,,JT,N,Y
M_GENERALTIRE,M_GENERALTIRE,FILL IN,N,N,N,N,Y,Y,Y,Y,Y,Y,Y,Y,Y,VLKFCAWMT,vjdelrosario@avatco.com,vjdelrosario@avatco.com,,Vladimir & Jennifer,N,Y
MAMMOTHTIRE,MAMMOTHTIRE,FILL IN,Y,Y,Y,Y,N,Y,N,Y,Y,Y,Y,Y,N,VLKFCAWMT,vjdelrosario@avatco.com,vjdelrosario@avatco.com,,,N,Y
MASSWHOLESALETIRE,MASSWHOLESALETIRE,FILL IN,N,N,N,N,Y,Y,Y,Y,Y,Y,Y,Y,N,VLKFCAWMT,vjdelrosario@avatco.com,vjdelrosario@avatco.com,,,N,Y
MAVISTIRESUPPLY,MAVISTIRESUPPLY,FD,Y,Y,N,Y,Y,Y,N,N,N,Y,Y,Y,Y,VLKFCAWMT,vjdelrosario@avatco.com,vjdelrosario@avatco.com,,,N,N
MerajTire,MerajTire,FILL IN,Y,Y,Y,Y,Y,Y,Y,Y,Y,Y,Y,Y,Y,VLKFCAWMT,vjdelrosario@avatco.com,vjdelrosario@avatco.com,,Bryan and Jo,N,Y
MESILLAVALLEY,MESILLAVALLEY,FILL IN,Y,Y,Y,Y,N,Y,N,Y,Y,Y,Y,Y,N,VLKFCAWMT,vjdelrosario@avatco.com,vjdelrosario@avatco.com,,,N,Y
METROTIREWHOLESALE,METROTIREWHOLESALE,FILL IN,N,N,Y,N,Y,Y,Y,Y,Y,Y,Y,Y,Y,VLKFCAWMT,vjdelrosario@avatco.com,vjdelrosario@avatco.com,,,N,Y
MICTIRES,MICTIRES,FILL IN,N,N,N,N,Y,Y,N,Y,Y,Y,Y,Y,Y,VLKFCAWMT,vjdelrosario@avatco.com,vjdelrosario@avatco.com,,,N,Y
MIDSOUTHTIREANDWHEEL,MIDSOUTHTIREANDWHEEL,FILL IN,N,N,N,N,N,Y,N,Y,Y,Y,Y,Y,Y,VLKFCAWMT,vjdelrosario@avatco.com,vjdelrosario@avatco.com,,,N,Y
MOMENTUMTIREEXPRESS,MOMENTUMTIREEXPRESS,FILL IN,N,N,N,N,N,Y,N,Y,Y,Y,Y,Y,Y,VLKFCAWMT,vjdelrosario@avatco.com,vjdelrosario@avatco.com,,,N,Y
MYPRIMOTIRESHOP,MYPRIMOTIRESHOP,FILL IN,N,Y,Y,N,N,N,N,N,N,Y,N,N,N,VLKFCAWMT,vjdelrosario@avatco.com,vjdelrosario@avatco.com,,,N,Y
N_WHLMARTCA,N_WHLMARTCA,FILL IN,N,N,N,N,Y,Y,Y,Y,Y,Y,Y,Y,Y,V,vjdelrosario@avatco.com,vjdelrosario@avatco.com,,,N,Y
NINETYNINETIRES,NINETYNINETIRES,FILL IN,N,N,N,N,Y,N,Y,N,N,N,N,N,N,VLKFCAWMT,vjdelrosario@avatco.com,vjdelrosario@avatco.com,,,N,Y
NORTHEASTERNTIRE,NORTHEASTERNTIRE,FILL IN,Y,Y,Y,Y,Y,Y,Y,Y,Y,Y,Y,Y,Y,V,vjdelrosario@avatco.com,vjdelrosario@avatco.com,,,N,Y
NORTHWESTTIRE,NORTHWESTTIRE,FILL IN,Y,Y,Y,Y,N,N,N,N,N,Y,N,N,N,VLKFCAWMT,vjdelrosario@avatco.com,vjdelrosario@avatco.com,,,N,Y
O_MAFTCO,O_MAFTCO,FD,Y,Y,Y,Y,Y,Y,Y,Y,Y,Y,Y,Y,Y,VLKFCAWMT,vjdelrosario@avatco.com,vjdelrosario@avatco.com,,,N,Y
OCTAGONTIRE,OCTAGONTIRE,FILL IN,N,Y,Y,N,N,N,N,N,N,Y,N,N,N,VLKFCAWMT,vjdelrosario@avatco.com,vjdelrosario@avatco.com,,,N,N
OKTIRE,OKTIRE,FILL IN,Y,Y,Y,Y,N,Y,N,Y,Y,Y,Y,Y,Y,VLKFCAWMT,vjdelrosario@avatco.com,vjdelrosario@avatco.com,,,N,Y
OTRUSA,OTRUSA,FILL IN,N,N,Y,N,Y,N,Y,N,N,Y,N,N,N,VLKFCAWMT,vjdelrosario@avatco.com;louise@wtdus.com,vjdelrosario@avatco.com,,,N,Y
P_NUMAN,P_NUMAN,FILL IN,Y,Y,Y,Y,N,Y,N,Y,Y,Y,Y,Y,Y,V,vjdelrosario@avatco.com,vjdelrosario@avatco.com,,,N,Y
PACIFICTIREGROUP,PACIFICTIREGROUP,FILL IN,Y,Y,Y,Y,Y,Y,Y,Y,Y,Y,Y,Y,Y,V,vjdelrosario@avatco.com,vjdelrosario@avatco.com,,,N,Y
PARKHOUSE,PARKHOUSE,FILL IN,Y,Y,Y,Y,N,N,N,N,N,Y,N,N,N,V,vjdelrosario@avatco.com,vjdelrosario@avatco.com,,,N,Y
PATCO,PATCO,FILL IN,N,N,N,N,Y,Y,Y,Y,Y,Y,Y,Y,Y,VLKFCAWMT,vjdelrosario@avatco.com,vjdelrosario@avatco.com,,,N,Y
PERFORMANCEPLUS,PERFORMANCEPLUS,FILL IN,Y,Y,Y,Y,Y,Y,Y,Y,Y,Y,Y,Y,Y,VLKFCAWMT,vjdelrosario@avatco.com,vjdelrosario@avatco.com,,,N,N
PETESRS,PETESRS,FILL IN,N,Y,Y,N,N,N,N,N,N,Y,N,N,N,V,vjdelrosario@avatco.com,vjdelrosario@avatco.com,,,N,Y
PIONEERTIRES,PIONEERTIRES,FILL IN,N,N,N,N,N,N,N,N,N,Y,N,N,N,VLKFCAWMT,vjdelrosario@avatco.com,vjdelrosario@avatco.com,,,N,Y
PLAZATIRE,PLAZATIRE,FILL IN,Y,Y,Y,Y,N,Y,N,Y,Y,Y,Y,Y,Y,VLKFCAWMT,vjdelrosario@avatco.com,vjdelrosario@avatco.com,,,N,N
POINTSV2,POINTSV2,FD,Y,Y,Y,N,Y,Y,Y,Y,Y,Y,Y,Y,N,PS,vjdelrosario@avatco.com,vjdelrosario@avatco.com,,,N,Y
POMPSTIRE,POMPSTIRE,FILL IN,Y,Y,Y,Y,N,Y,N,Y,Y,Y,Y,Y,N,VLKFCAWMT,vjdelrosario@avatco.com,vjdelrosario@avatco.com,,,N,Y
PRIORITFLPATX,PRIORITFLPATX,FILL IN,Y,Y,Y,Y,N,Y,N,Y,Y,Y,Y,Y,Y,VLKFCAWMT,vjdelrosario@avatco.com,vjdelrosario@avatco.com,,,N,Y
PRIORITYCA,PRIORITYCA,FILL IN,Y,Y,Y,Y,N,Y,N,Y,Y,Y,Y,Y,Y,V,vjdelrosario@avatco.com,vjdelrosario@avatco.com,,,N,Y
PROFLEETREPAIR,PROFLEETREPAIR,FILL IN,N,Y,Y,N,N,N,N,N,N,Y,N,N,N,V,vjdelrosario@avatco.com,vjdelrosario@avatco.com,,,N,Y
R_WENTWORTH,R_WENTWORTH,FILL IN,Y,Y,Y,Y,N,Y,N,Y,Y,Y,Y,Y,Y,VLKFCAWMT,vjdelrosario@avatco.com,vjdelrosario@avatco.com,,,N,Y
RADIALTIRE,RADIALTIRE,FILL IN,N,N,N,N,Y,N,Y,N,N,Y,N,N,N,VLKFCAWMT,vjdelrosario@avatco.com,vjdelrosario@avatco.com,,,N,Y
RANDRTIRE,RANDRTIRE,FILL IN,Y,Y,Y,Y,N,Y,N,Y,Y,Y,Y,Y,Y,VLKFCAWMT,vjdelrosario@avatco.com,vjdelrosario@avatco.com,,,N,Y
RHINOTYRE,RHINOTYRE,FILL IN,Y,Y,Y,Y,N,Y,N,Y,Y,Y,Y,Y,Y,VLKFCAWMT,vjdelrosario@avatco.com,vjdelrosario@avatco.com,,,N,Y
ROADRUNNER,ROADRUNNER,FILL IN,N,N,N,N,Y,Y,Y,Y,Y,Y,Y,Y,N,VLKFCAWMT,vjdelrosario@avatco.com,vjdelrosario@avatco.com,,Kade & Ashley,N,Y
ROYALTIRE,ROYALTIRE,FILL IN,Y,Y,Y,Y,N,Y,N,Y,Y,Y,Y,Y,Y,VLKFCAWMT,vjdelrosario@avatco.com,vjdelrosario@avatco.com,,,N,Y
RPMTIRE,RPMTIRE,FILL IN,N,Y,Y,N,N,N,N,N,N,Y,N,N,N,VLKFCAWMT,vjdelrosario@avatco.com,vjdelrosario@avatco.com,,,N,Y
RUDOLPHTIRE,RUDOLPHTIRE,FD,Y,Y,Y,Y,Y,Y,Y,Y,Y,Y,Y,Y,Y,VLKFCAWMT,vjdelrosario@avatco.com,vjdelrosario@avatco.com,,,N,Y
SALEMTIRE,SALEMTIRE,FILL IN,Y,Y,Y,Y,N,Y,N,Y,Y,Y,Y,Y,Y,VLKFCAWMT,vjdelrosario@avatco.com,vjdelrosario@avatco.com,,,N,Y
SAPPBROS,SAPPBROS,FILL IN,N,Y,Y,N,N,N,N,N,N,Y,N,N,N,VLKFCAWMT,vjdelrosario@avatco.com,vjdelrosario@avatco.com,,,N,Y
SCHNEIDER,SCHNEIDERTIRE,FILL IN,N,N,N,N,Y,Y,Y,Y,Y,Y,Y,Y,N,VLKFCAWMT,vjdelrosario@avatco.com,vjdelrosario@avatco.com,,,N,Y
SingularTires,SingularTires,FILL IN,Y,Y,Y,Y,N,Y,N,Y,Y,Y,Y,Y,N,V,vjdelrosario@avatco.com,vjdelrosario@avatco.com,,,N,Y
SOUTHERNTIREANDWHEEL,SOUTHERNTIREANDWHEEL,FILL IN,Y,Y,Y,Y,N,Y,N,Y,Y,Y,Y,Y,Y,VLKFCAWMT,vjdelrosario@avatco.com,vjdelrosario@avatco.com,,,N,Y
SOUTHSIDE,SOUTHSIDE,FILL IN,Y,Y,Y,Y,N,Y,N,Y,Y,Y,Y,Y,Y,VLKFCAWMT,vjdelrosario@avatco.com,vjdelrosario@avatco.com,,,N,Y
STANDARDTIREWHOLESALE,STANDARDTIREWHOLESALE,FILL IN,N,Y,Y,N,N,N,N,N,N,Y,N,N,N,VLKFCAWMT,vjdelrosario@avatco.com,vjdelrosario@avatco.com,,,N,Y
STEELCITYTIRE,STEELCITYTIRE,FILL IN,Y,Y,Y,Y,N,Y,N,Y,Y,Y,Y,Y,Y,VLKFCAWMT,vjdelrosario@avatco.com,vjdelrosario@avatco.com,,,N,Y
STEVESHANNONTIRE,STEVESHANNONTIRE,FILL IN,Y,Y,Y,Y,N,Y,N,Y,Y,Y,Y,Y,Y,V,vjdelrosario@avatco.com,vjdelrosario@avatco.com,,,N,Y
TEXTIRES,TEXTIRES,FILL IN,N,Y,Y,N,N,N,N,N,N,Y,N,N,N,VLKFCAWMT,vjdelrosario@avatco.com,vjdelrosario@avatco.com,,,N,Y
TIREANDWHEELCONNECTION,TIREANDWHEELCONNECTION,FILL IN,Y,Y,Y,Y,N,Y,N,Y,Y,Y,Y,Y,Y,VLKFCAWMT,vjdelrosario@avatco.com,vjdelrosario@avatco.com,,,N,Y
TIRECITY,TIRECITY,FILL IN,Y,Y,Y,Y,N,Y,N,Y,Y,Y,Y,Y,N,V,vjdelrosario@avatco.com,vjdelrosario@avatco.com,,,N,Y
TIRECLUB,TIRECLUB,FILL IN,N,Y,Y,N,N,Y,N,Y,Y,Y,Y,Y,Y,V,vjdelrosario@avatco.com,vjdelrosario@avatco.com,,,N,Y
TIRECLUBAZ,TIRECLUBAZ,FILL IN,N,Y,Y,N,N,Y,N,Y,Y,Y,Y,Y,Y,V,vjdelrosario@avatco.com,vjdelrosario@avatco.com,,,N,Y
TIRECLUBTX,TIRECLUBTX,FILL IN,N,N,N,N,N,Y,N,Y,Y,Y,Y,Y,Y,V,vjdelrosario@avatco.com,vjdelrosario@avatco.com,,,N,Y
TIREDEPOT,TIREDEPOT,FILL IN,Y,Y,Y,Y,N,Y,N,Y,Y,Y,Y,Y,Y,VLKFCAWMT,vjdelrosario@avatco.com,vjdelrosario@avatco.com,,,N,Y
TIREDISCOUNTERS,TIREDISCOUNTERS,FILL IN,Y,Y,Y,Y,Y,Y,Y,Y,Y,Y,Y,Y,Y,VLKFCAWMT,vjdelrosario@avatco.com,vjdelrosario@avatco.com,,,N,Y
TIREDISTRIBUTORSOFMACONGA,TIREDISTRIBUTORSOFMACONGA,FILL IN,Y,Y,Y,Y,N,Y,N,Y,Y,Y,Y,Y,Y,VLKFCAWMT,vjdelrosario@avatco.com,vjdelrosario@avatco.com,,,N,Y
TIREPARTNERSTXAPOPKA,TIRE PARTNERS TX - APOPKA,FD,Y,Y,Y,Y,Y,Y,Y,Y,Y,Y,N,N,N,A,vjdelrosario@avatco.com,vjdelrosario@avatco.com,,,N,Y
TIREPARTNERSTXWINCHESTER,TIRE PARTNERS TX - WINCHESTER,FD,Y,Y,Y,Y,Y,Y,Y,Y,Y,Y,N,N,N,T,vjdelrosario@avatco.com;louise@wtdus.com,vjdelrosario@avatco.com,,,N,Y
TIRESDIRECTIDAHO,TIRESDIRECTIDAHO,FILL IN,Y,Y,Y,Y,N,N,N,Y,Y,Y,Y,Y,Y,VLKFCAWMT,vjdelrosario@avatco.com,vjdelrosario@avatco.com,,,N,Y
TIRESDIRECTKENT,TIRESDIRECTKENT,FILL IN,Y,Y,Y,Y,Y,Y,Y,Y,Y,Y,Y,Y,Y,VLKFCAWMT,vjdelrosario@avatco.com,vjdelrosario@avatco.com,,,N,Y
TIRESOLUTIONS,TIRESOLUTIONS,FILL IN,Y,Y,Y,Y,N,Y,N,Y,Y,Y,Y,Y,Y,VLKFCAWMT,vjdelrosario@avatco.com,vjdelrosario@avatco.com,,,N,Y
TIRETOWN,TIRETOWN,FILL IN,N,N,N,N,N,Y,N,Y,Y,Y,Y,Y,Y,VLKFCAWMT,vjdelrosario@avatco.com,vjdelrosario@avatco.com,,,N,Y
TIREWHEELMASTER,TIREWHEELMASTER,FILL IN,N,N,N,N,N,Y,N,Y,Y,Y,Y,Y,Y,V,vjdelrosario@avatco.com,vjdelrosario@avatco.com,,,N,Y
TOMFOUTS,TOMFOUTS,FILL IN,Y,Y,Y,Y,N,Y,N,Y,Y,Y,Y,Y,Y,VLKFCAWMT,vjdelrosario@avatco.com,vjdelrosario@avatco.com,,,N,Y
TONYSTIRE,TONYSTIRE,FILL IN,Y,Y,Y,Y,N,Y,N,Y,Y,Y,Y,Y,Y,VLKFCAWMT,vjdelrosario@avatco.com,vjdelrosario@avatco.com,,,N,Y
TOPNOTCHWHOLESALE,TOPNOTCHWHOLESALE,FILL IN,Y,Y,Y,Y,N,Y,N,Y,Y,Y,Y,Y,Y,VLKFCAWMT,vjdelrosario@avatco.com,vjdelrosario@avatco.com,,,N,Y
TRACTIONTIRE,TRACTIONTIRE,FILL IN,Y,Y,Y,Y,N,Y,N,Y,Y,Y,Y,Y,Y,VLKFCAWMT,vjdelrosario@avatco.com,vjdelrosario@avatco.com,,,N,Y
TSI,TSI,FILL IN,N,Y,Y,N,N,N,N,N,N,Y,N,N,N,VLKFCAWMT,vjdelrosario@avatco.com,vjdelrosario@avatco.com,,,N,Y
TwinValleyTire,TwinValleyTire,FILL IN,Y,Y,Y,Y,N,Y,N,Y,Y,Y,Y,Y,Y,VLKFCAWMT,vjdelrosario@avatco.com,vjdelrosario@avatco.com,,,N,Y
UNITEDTIREANDWHEEL,UNITEDTIREANDWHEEL,FILL IN,N,N,N,N,Y,Y,Y,Y,Y,Y,Y,Y,Y,VLKFCAWMT,vjdelrosario@avatco.com,vjdelrosario@avatco.com,,,N,Y
UNIVERSALTRUCK,UNIVERSALTRUCK,FILL IN,N,Y,Y,N,N,N,N,N,N,Y,N,N,N,VLKFCAWMT,vjdelrosario@avatco.com,vjdelrosario@avatco.com,,,N,Y
VANSTIRE,VANSTIRE,FILL IN,Y,Y,Y,Y,Y,Y,Y,Y,Y,Y,Y,Y,Y,VLKFCAWMT,vjdelrosario@avatco.com,vjdelrosario@avatco.com,,,N,Y
VICTORSTIRES,VICTORSTIRES,FILL IN,Y,Y,Y,Y,N,Y,N,Y,Y,Y,Y,Y,N,V,vjdelrosario@avatco.com,vjdelrosario@avatco.com,,,N,Y
WALDORFTIRE,WALDORFTIRE,FILL IN,Y,Y,Y,Y,N,Y,N,Y,Y,Y,Y,Y,Y,VLKFCAWMT,vjdelrosario@avatco.com,vjdelrosario@avatco.com,,,N,Y
WAUKEGANTIRE,WAUKEGANTIRE,FILL IN,N,N,N,N,N,Y,N,Y,Y,Y,Y,Y,Y,VLKFCAWMT,vjdelrosario@avatco.com,vjdelrosario@avatco.com,,,N,Y
WestsideWholesaleTire,WestsideWholesaleTire,FILL IN,Y,Y,Y,Y,N,Y,N,Y,Y,Y,Y,Y,Y,VLKFCAWMT,vjdelrosario@avatco.com,vjdelrosario@avatco.com,,,N,Y
WHEELANDTIRESOURCE,WHEELANDTIRESOURCE,FILL IN,Y,Y,Y,Y,N,Y,N,Y,Y,Y,Y,Y,Y,VLKFCAWMT,vjdelrosario@avatco.com,vjdelrosario@avatco.com,,,N,Y
WHEELCITYWHOLESALERS,WHEELCITYWHOLESALERS,FILL IN,Y,Y,Y,Y,N,Y,N,Y,Y,Y,Y,Y,Y,VLKFCAWMT,vjdelrosario@avatco.com,vjdelrosario@avatco.com,,,N,Y
WHEELMARTNY,WHEELMARTNY,FILL IN,Y,Y,Y,Y,N,Y,N,Y,Y,Y,Y,Y,Y,VLKFCAWMT,vjdelrosario@avatco.com,vjdelrosario@avatco.com,,,N,Y
WHEELTIREWHOLESALEMO,WHEELTIREWHOLESALEMO,FILL IN,Y,Y,Y,Y,N,Y,N,Y,Y,Y,Y,Y,Y,VLKFCAWMT,vjdelrosario@avatco.com,vjdelrosario@avatco.com,,,N,Y
WHEELWORLDOREGON,WHEELWORLDOREGON,FILL IN,Y,Y,Y,Y,N,Y,N,Y,Y,Y,Y,Y,Y,VLKFCAWMT,vjdelrosario@avatco.com,vjdelrosario@avatco.com,,,N,Y
WHOLESALENTE,WHOLESALENTE,FD,Y,Y,Y,Y,N,Y,N,Y,Y,Y,Y,Y,Y,V,vjdelrosario@avatco.com,vjdelrosario@avatco.com,,,N,Y
WHOLESALETIREANDWHEELDISTRIBUTORS,WHOLESALETIREANDWHEELDISTRIBUTORS,FILL IN,Y,Y,Y,Y,Y,Y,Y,Y,Y,Y,Y,Y,Y,V,vjdelrosario@avatco.com,vjdelrosario@avatco.com,,,N,Y
WHOLESALEWHEELANDTIRE,WHOLESALEWHEELANDTIRE,FD,Y,Y,Y,Y,Y,Y,Y,Y,Y,Y,Y,Y,Y,VLKFCAWMT,vjdelrosario@avatco.com,vjdelrosario@avatco.com,,,N,Y
WICKELTIRE,WICKELTIRE,FILL IN,N,N,N,N,Y,Y,Y,Y,Y,Y,Y,Y,N,VLKFCAWMT,vjdelrosario@avatco.com,vjdelrosario@avatco.com,,,N,Y
WONDERLANDTIRE,WONDERLANDTIRE,FILL IN,Y,Y,Y,Y,N,Y,N,Y,Y,Y,Y,Y,Y,VLKFCAWMT,vjdelrosario@avatco.com,vjdelrosario@avatco.com,,,N,Y
YOUNGDISTCO,YOUNGDISTCO,FILL IN,Y,Y,Y,Y,N,Y,N,Y,Y,Y,Y,Y,Y,VLKFCAWMT,vjdelrosario@avatco.com,vjdelrosario@avatco.com,,,N,Y
ZURCHERTIRE,ZURCHERTIRE,FILL IN,Y,Y,Y,Y,Y,Y,Y,Y,Y,Y,Y,Y,Y,VLKFCAWMT,vjdelrosario@avatco.com,vjdelrosario@avatco.com,,,N,Y
